{"cameraMode":{"drawMode":0,"name":"Shaded","section":"Shading Mode"},"sceneLighting":false,"audioPlay":false,"sceneViewState":{"showFog":true,"showMaterialUpdate":false,"showSkybox":true,"showFlares":true,"showImageEffects":true,"showParticleSystems":true},"in2DMode":false,"pivot":{"x":0.3036336898803711,"y":-0.6371726989746094,"z":0.6002969741821289},"rotation":{"x":0.14084376394748689,"y":0.8532284498214722,"z":-0.2965511381626129,"w":0.4052427411079407},"size":11.958100318908692,"orthographic":false}