{"cameraMode":{"drawMode":0,"name":"Shaded","section":"Shading Mode"},"sceneLighting":false,"audioPlay":false,"sceneViewState":{"showFog":true,"showMaterialUpdate":false,"showSkybox":true,"showFlares":true,"showImageEffects":true,"showParticleSystems":true},"in2DMode":false,"pivot":{"x":0.40000152587890627,"y":12.89999771118164,"z":126.9000015258789},"rotation":{"x":-0.16740235686302186,"y":-0.03637499362230301,"z":0.006178163457661867,"w":-0.9851980805397034},"size":434.8767395019531,"orthographic":false}