{"cameraMode":{"drawMode":0,"name":"Shaded","section":"Shading Mode"},"sceneLighting":false,"audioPlay":false,"sceneViewState":{"showFog":true,"showMaterialUpdate":false,"showSkybox":true,"showFlares":true,"showImageEffects":true,"showParticleSystems":true},"in2DMode":false,"pivot":{"x":-3.6497933864593508,"y":0.3236989974975586,"z":1.6564912796020508},"rotation":{"x":-0.007942281663417817,"y":0.8970142006874085,"z":-0.44163548946380618,"w":-0.016141578555107118},"size":8.143672943115235,"orthographic":false}