{"cameraMode":{"drawMode":0,"name":"Shaded","section":"Shading Mode"},"sceneLighting":false,"audioPlay":false,"sceneViewState":{"showFog":true,"showMaterialUpdate":false,"showSkybox":true,"showFlares":true,"showImageEffects":true,"showParticleSystems":true},"in2DMode":false,"pivot":{"x":35.74749755859375,"y":458.85748291015627,"z":0.0},"rotation":{"x":-0.06619144976139069,"y":-0.045786529779434207,"z":0.0030405165161937477,"w":-0.9967513084411621},"size":163.68946838378907,"orthographic":false}