{"cameraMode":{"drawMode":0,"name":"Shaded","section":"Shading Mode"},"sceneLighting":false,"audioPlay":false,"sceneViewState":{"showFog":true,"showMaterialUpdate":false,"showSkybox":true,"showFlares":true,"showImageEffects":true,"showParticleSystems":true},"in2DMode":false,"pivot":{"x":189.3000030517578,"y":68.41999816894531,"z":41.900001525878909},"rotation":{"x":-0.020090093836188318,"y":0.9410751461982727,"z":-0.33278587460517886,"w":-0.05681215226650238},"size":30.11260223388672,"orthographic":false}